{"stats":{"minecraft:picked_up":{"projectvibrantjourneys:fallen_leaves":2,"minecraft:wooden_pickaxe":2,"minecraft:oak_log":4,"minecraft:yellow_bed":2,"minecraft:gunpowder":3,"marbledsarsenal:cm6m_gas_mask":5,"minecraft:dirt":44,"minecraft:raw_copper":20,"minecraft:leather_boots":2,"minecraft:wheat_seeds":5,"minecraft:spruce_planks":9,"minecraft:stone_pickaxe":1,"minecraft:wooden_shovel":1,"minecraft:raw_copper_block":1,"projectvibrantjourneys:light_brown_bark_mushroom":1,"minecraft:stick":16,"minecraft:raw_iron":2,"marbledsarsenal:police_baton":2,"projectvibrantjourneys:bark_mushroom":6,"pointblank:gunmetal_nugget":22,"psg:sulphur":15,"minecraft:spruce_sapling":2,"minecraft:spruce_log":8,"alexsmobs:animal_dictionary":2,"pointblank:ammo45acp":42,"pointblank:m1911a1":3,"minecraft:rotten_flesh":7,"k_turrets:raw_titanium":14,"minecraft:hay_block":16,"minecraft:bread":26,"minecraft:coal":10,"minecraft:cobblestone":82},"minecraft:mined":{"psg:sulphur_ore":3,"minecraft:grass_block":4,"projectvibrantjourneys:mossy_rocks":1,"minecraft:tall_grass":19,"minecraft:copper_ore":5,"minecraft:cobblestone":6,"minecraft:spruce_leaves":2,"minecraft:hay_block":15,"minecraft:iron_ore":2,"minecraft:spruce_log":9,"minecraft:yellow_bed":2,"minecraft:grass":11,"k_turrets:titanium_ore":7,"minecraft:oak_log":4,"minecraft:coal_ore":10,"projectvibrantjourneys:short_grass":3,"minecraft:dirt_path":1,"minecraft:dirt":24,"pointblank:workstation":1,"minecraft:raw_copper_block":1,"minecraft:stone":62},"minecraft:killed":{"minecraft:zombie_villager":1,"minecraft:zombie":7},"minecraft:killed_by":{"minecraft:player":1,"minecraft:zombie":1},"minecraft:crafted":{"minecraft:oak_planks":16,"minecraft:wooden_shovel":1,"minecraft:crafting_table":3,"minecraft:spruce_planks":32,"minecraft:wooden_pickaxe":1,"minecraft:furnace":1,"minecraft:stone_axe":1,"minecraft:bread":42,"minecraft:stick":16,"minecraft:iron_ingot":2,"minecraft:stone_pickaxe":1,"minecraft:chest":1,"minecraft:torch":4,"minecraft:wheat":126},"minecraft:used":{"minecraft:stone_pickaxe":105,"minecraft:chest":1,"minecraft:spruce_planks":3,"minecraft:wooden_pickaxe":3,"minecraft:wooden_shovel":14,"minecraft:rotten_flesh":1,"minecraft:torch":1,"minecraft:dirt":16,"minecraft:crafting_table":3,"minecraft:bread":26,"marbledsarsenal:police_baton":97,"minecraft:stone_axe":4,"minecraft:cobblestone":45,"minecraft:furnace":1,"marbledsarsenal:cm6m_gas_mask":1,"minecraft:yellow_bed":1},"minecraft:dropped":{"minecraft:bread":25,"minecraft:wheat_seeds":1,"minecraft:wooden_pickaxe":1,"pointblank:m1911a1":1},"minecraft:custom":{"minecraft:interact_with_furnace":2,"minecraft:mob_kills":8,"minecraft:interact_with_crafting_table":12,"minecraft:damage_dealt_resisted":8,"minecraft:leave_game":1,"minecraft:time_since_death":18068,"minecraft:sleep_in_bed":2,"minecraft:time_since_rest":5205,"minecraft:sprint_one_cm":49841,"minecraft:damage_taken":1721,"minecraft:walk_one_cm":102832,"minecraft:drop":7,"minecraft:damage_dealt":1052,"minecraft:swim_one_cm":2446,"minecraft:fly_one_cm":55794,"minecraft:open_chest":2,"minecraft:crouch_one_cm":1884,"minecraft:play_time":38243,"minecraft:deaths":3,"minecraft:sneak_time":855,"minecraft:walk_under_water_one_cm":3475,"minecraft:jump":400,"minecraft:walk_on_water_one_cm":3658,"minecraft:total_world_time":38243,"minecraft:fall_one_cm":10895}},"DataVersion":3465}