{"stats":{"minecraft:picked_up":{"pointblank:ammo45acp":42,"minecraft:leather_boots":1,"pointblank:m1911a1":2,"marbledsarsenal:police_baton":1,"minecraft:wheat_seeds":1,"minecraft:bread":9,"marbledsarsenal:cm6m_gas_mask":3,"alexsmobs:animal_dictionary":1},"minecraft:mined":{"minecraft:grass":5,"projectvibrantjourneys:short_grass":3,"minecraft:tall_grass":3},"minecraft:killed_by":{"minecraft:player":1},"minecraft:used":{"marbledsarsenal:cm6m_gas_mask":1,"marbledsarsenal:police_baton":7},"minecraft:dropped":{"pointblank:m1911a1":1},"minecraft:custom":{"minecraft:time_since_rest":1189,"minecraft:crouch_one_cm":224,"minecraft:play_time":4039,"minecraft:sprint_one_cm":3807,"minecraft:walk_one_cm":13352,"minecraft:damage_taken":267,"minecraft:deaths":1,"minecraft:sneak_time":28,"minecraft:drop":1,"minecraft:jump":16,"minecraft:damage_dealt":46,"minecraft:time_since_death":1160,"minecraft:total_world_time":4039,"minecraft:fall_one_cm":753,"minecraft:fly_one_cm":2610}},"DataVersion":3465}