{"stats":{"minecraft:used":{"minecraft:crafting_table":1,"minecraft:stone_pickaxe":11,"minecraft:wooden_pickaxe":4,"minecraft:wooden_shovel":9},"minecraft:crafted":{"minecraft:oak_planks":20,"minecraft:wooden_shovel":1,"minecraft:stone_axe":1,"minecraft:crafting_table":1,"minecraft:stick":12,"minecraft:stone_pickaxe":1,"minecraft:wooden_pickaxe":1},"minecraft:mined":{"minecraft:grass_block":3,"minecraft:oak_log":5,"minecraft:dirt":7,"minecraft:stone":14},"minecraft:picked_up":{"minecraft:oak_log":5,"minecraft:dirt":10,"minecraft:cobblestone":14},"minecraft:dropped":{"minecraft:wooden_pickaxe":1,"minecraft:wooden_shovel":1},"minecraft:custom":{"minecraft:time_since_rest":4683,"minecraft:crouch_one_cm":3,"minecraft:play_time":4683,"minecraft:sprint_one_cm":2645,"minecraft:walk_one_cm":4036,"minecraft:sneak_time":8,"minecraft:drop":2,"minecraft:jump":22,"minecraft:time_since_death":4683,"minecraft:total_world_time":4683,"minecraft:fall_one_cm":269,"minecraft:interact_with_crafting_table":3,"minecraft:fly_one_cm":637}},"DataVersion":3953}