{"stats":{"minecraft:used":{"minecraft:oak_log":3,"minecraft:cooked_mutton":2,"minecraft:stone_sword":10,"minecraft:stone_shovel":54,"minecraft:stone_pickaxe":133,"minecraft:wooden_pickaxe":4,"minecraft:wooden_shovel":9,"minecraft:stone_axe":46,"minecraft:torch":13,"minecraft:crafting_table":4,"minecraft:furnace":1},"minecraft:broken":{"minecraft:stone_pickaxe":1},"minecraft:mined":{"minecraft:crafting_table":3,"minecraft:short_grass":3,"minecraft:grass_block":7,"minecraft:oak_log":43,"minecraft:dirt":57,"minecraft:stone":134,"minecraft:wall_torch":2,"minecraft:oak_leaves":5},"minecraft:crafted":{"minecraft:oak_planks":112,"minecraft:wooden_shovel":1,"minecraft:stone_shovel":1,"minecraft:charcoal":11,"minecraft:crafting_table":1,"minecraft:stick":48,"minecraft:wooden_pickaxe":1,"minecraft:stone_pickaxe":3,"minecraft:stone_sword":1,"minecraft:furnace":1,"minecraft:torch":20,"minecraft:stone_axe":1,"minecraft:cooked_mutton":2,"minecraft:air":0},"minecraft:dropped":{"minecraft:wooden_shovel":1,"minecraft:wooden_pickaxe":1},"minecraft:picked_up":{"minecraft:crafting_table":3,"minecraft:torch":2,"minecraft:porkchop":5,"minecraft:oak_log":42,"minecraft:dirt":64,"minecraft:wheat_seeds":1,"minecraft:mutton":2,"minecraft:white_wool":1,"minecraft:cobblestone":134},"minecraft:custom":{"minecraft:time_since_rest":16683,"minecraft:interact_with_furnace":3,"minecraft:sprint_one_cm":14897,"minecraft:damage_taken":90,"minecraft:walk_one_cm":24986,"minecraft:mob_kills":3,"minecraft:drop":2,"minecraft:damage_dealt":355,"minecraft:interact_with_crafting_table":7,"minecraft:fly_one_cm":8324,"minecraft:crouch_one_cm":3,"minecraft:play_time":16683,"minecraft:sneak_time":41,"minecraft:jump":149,"minecraft:time_since_death":16683,"minecraft:walk_on_water_one_cm":916,"minecraft:total_world_time":16683,"minecraft:fall_one_cm":3478},"minecraft:killed":{"minecraft:sheep":1,"minecraft:pig":2}},"DataVersion":3953}