{"stats":{"minecraft:used":{"minecraft:oak_log":3,"minecraft:cooked_mutton":2,"minecraft:stone_sword":12,"minecraft:oak_stairs":4,"minecraft:stone_shovel":72,"minecraft:stone_pickaxe":234,"minecraft:oak_planks":10,"minecraft:wooden_pickaxe":4,"minecraft:wooden_shovel":9,"minecraft:stone_hoe":18,"minecraft:oak_door":2,"minecraft:stone_axe":83,"minecraft:torch":37,"minecraft:crafting_table":4,"minecraft:furnace":1,"minecraft:cobbled_deepslate":3,"minecraft:wheat_seeds":1},"minecraft:broken":{"minecraft:stone_pickaxe":1},"minecraft:mined":{"minecraft:iron_ore":8,"minecraft:torch":1,"minecraft:crafting_table":3,"minecraft:short_grass":5,"minecraft:grass_block":20,"minecraft:oak_log":78,"minecraft:dirt":64,"minecraft:stone":197,"minecraft:deepslate":5,"minecraft:diorite":24,"minecraft:wall_torch":10,"minecraft:oak_leaves":6},"minecraft:crafted":{"minecraft:oak_door":3,"minecraft:oak_planks":176,"minecraft:wooden_shovel":1,"minecraft:stone_shovel":1,"minecraft:cooked_porkchop":5,"minecraft:charcoal":11,"minecraft:crafting_table":1,"minecraft:stick":48,"minecraft:wooden_pickaxe":1,"minecraft:stone_pickaxe":3,"minecraft:oak_stairs":4,"minecraft:stone_sword":1,"minecraft:furnace":1,"minecraft:torch":44,"minecraft:stone_hoe":1,"minecraft:stone_axe":1,"minecraft:cooked_mutton":2,"minecraft:air":0},"minecraft:dropped":{"minecraft:wooden_shovel":1,"minecraft:wooden_pickaxe":1},"minecraft:picked_up":{"minecraft:stick":2,"minecraft:raw_iron":8,"minecraft:crafting_table":3,"minecraft:torch":12,"minecraft:porkchop":5,"minecraft:oak_log":76,"minecraft:diorite":24,"minecraft:dirt":83,"minecraft:apple":1,"minecraft:wheat_seeds":1,"minecraft:cobbled_deepslate":5,"minecraft:oak_sapling":1,"minecraft:mutton":2,"minecraft:white_wool":1,"minecraft:cobblestone":197},"minecraft:custom":{"minecraft:time_since_rest":28683,"minecraft:interact_with_furnace":5,"minecraft:sprint_one_cm":30007,"minecraft:damage_taken":90,"minecraft:walk_one_cm":54797,"minecraft:mob_kills":3,"minecraft:drop":2,"minecraft:damage_dealt":355,"minecraft:interact_with_crafting_table":11,"minecraft:fly_one_cm":15870,"minecraft:crouch_one_cm":3,"minecraft:play_time":28683,"minecraft:sneak_time":44,"minecraft:jump":284,"minecraft:time_since_death":28683,"minecraft:walk_on_water_one_cm":1616,"minecraft:total_world_time":28683,"minecraft:fall_one_cm":4850},"minecraft:killed":{"minecraft:sheep":1,"minecraft:pig":2}},"DataVersion":3953}