{"stats":{"minecraft:picked_up":{"minecraft:stick":3,"marbledsarsenal:police_baton":1,"projectvibrantjourneys:fallen_leaves":1,"projectvibrantjourneys:bark_mushroom":3,"minecraft:wooden_pickaxe":1,"pointblank:gunmetal_nugget":7,"minecraft:spruce_sapling":1,"minecraft:gunpowder":1,"minecraft:spruce_log":8,"alexsmobs:animal_dictionary":1,"marbledsarsenal:cm6m_gas_mask":3,"minecraft:dirt":15,"pointblank:m1911a1":2,"pointblank:ammo45acp":42,"minecraft:leather_boots":1,"minecraft:rotten_flesh":2,"minecraft:wheat_seeds":1,"k_turrets:raw_titanium":7,"minecraft:hay_block":15,"minecraft:bread":9,"minecraft:cobblestone":22},"minecraft:killed":{"minecraft:zombie":3},"minecraft:mined":{"minecraft:hay_block":15,"minecraft:spruce_log":9,"k_turrets:titanium_ore":7,"minecraft:grass":8,"minecraft:grass_block":4,"projectvibrantjourneys:short_grass":3,"minecraft:dirt":11,"pointblank:workstation":1,"minecraft:tall_grass":9,"minecraft:spruce_leaves":2,"minecraft:stone":23},"minecraft:killed_by":{"minecraft:player":1},"minecraft:crafted":{"minecraft:wooden_shovel":1,"minecraft:crafting_table":2,"minecraft:spruce_planks":32,"minecraft:stick":16,"minecraft:wooden_pickaxe":1,"minecraft:stone_pickaxe":1,"minecraft:bread":42,"minecraft:wheat":126},"minecraft:used":{"minecraft:bread":8,"minecraft:stone_pickaxe":36,"minecraft:spruce_planks":3,"minecraft:wooden_pickaxe":3,"marbledsarsenal:police_baton":7,"minecraft:wooden_shovel":14,"minecraft:cobblestone":2,"minecraft:crafting_table":2,"marbledsarsenal:cm6m_gas_mask":1},"minecraft:dropped":{"minecraft:bread":25,"minecraft:wooden_pickaxe":1,"pointblank:m1911a1":1},"minecraft:custom":{"minecraft:time_since_rest":876,"minecraft:interact_with_furnace":1,"minecraft:sprint_one_cm":23293,"minecraft:damage_taken":451,"minecraft:walk_one_cm":45126,"minecraft:mob_kills":3,"minecraft:drop":6,"minecraft:damage_dealt":55,"minecraft:swim_one_cm":1633,"minecraft:interact_with_crafting_table":8,"minecraft:fly_one_cm":24903,"minecraft:open_chest":1,"minecraft:crouch_one_cm":1052,"minecraft:play_time":16039,"minecraft:deaths":1,"minecraft:sneak_time":83,"minecraft:walk_under_water_one_cm":257,"minecraft:jump":115,"minecraft:walk_on_water_one_cm":1655,"minecraft:time_since_death":13160,"minecraft:sleep_in_bed":1,"minecraft:total_world_time":16039,"minecraft:fall_one_cm":1864}},"DataVersion":3465}