{"stats":{"minecraft:mined":{"minecraft:deepslate_redstone_ore":17,"minecraft:tuff":3,"minecraft:deepslate_diamond_ore":13,"minecraft:obsidian":14,"minecraft:crafting_table":7,"minecraft:torch":2,"minecraft:granite":16,"minecraft:short_grass":45,"minecraft:grass_block":36,"minecraft:copper_ore":7,"minecraft:cobblestone":15,"minecraft:deepslate_gold_ore":42,"minecraft:lapis_ore":6,"minecraft:sugar_cane":1,"minecraft:diorite":63,"minecraft:wall_torch":12,"minecraft:tall_seagrass":1,"minecraft:redstone_ore":7,"minecraft:furnace":1,"minecraft:cobbled_deepslate":3,"minecraft:iron_ore":16,"minecraft:wheat":8,"minecraft:andesite":3,"minecraft:deepslate_lapis_ore":8,"minecraft:coal_ore":24,"minecraft:oak_log":81,"minecraft:deepslate_iron_ore":51,"minecraft:gravel":13,"minecraft:dirt":78,"minecraft:stone":508,"minecraft:oak_leaves":15,"minecraft:deepslate":84},"minecraft:broken":{"minecraft:stone_pickaxe":3,"minecraft:iron_pickaxe":1},"minecraft:custom":{"minecraft:interact_with_furnace":24,"minecraft:mob_kills":28,"minecraft:interact_with_crafting_table":29,"minecraft:leave_game":2,"minecraft:time_since_death":107354,"minecraft:time_since_rest":107354,"minecraft:sprint_one_cm":159480,"minecraft:damage_taken":1661,"minecraft:walk_one_cm":275523,"minecraft:damage_blocked_by_shield":561,"minecraft:drop":14,"minecraft:damage_dealt":3860,"minecraft:swim_one_cm":4358,"minecraft:fly_one_cm":101028,"minecraft:open_chest":9,"minecraft:crouch_one_cm":8508,"minecraft:play_time":107354,"minecraft:sneak_time":3185,"minecraft:walk_under_water_one_cm":4047,"minecraft:jump":1414,"minecraft:walk_on_water_one_cm":7630,"minecraft:total_world_time":107354,"minecraft:fall_one_cm":26986},"minecraft:used":{"minecraft:water_bucket":3,"minecraft:wheat_seeds":29,"minecraft:stone_sword":12,"minecraft:iron_shovel":19,"minecraft:stone_pickaxe":396,"minecraft:stone_shovel":94,"minecraft:oak_planks":10,"minecraft:cooked_chicken":4,"minecraft:chest":4,"minecraft:wooden_pickaxe":4,"minecraft:shield":20,"minecraft:cooked_salmon":4,"minecraft:wooden_shovel":9,"minecraft:sugar_cane":3,"minecraft:iron_sword":29,"minecraft:rotten_flesh":1,"minecraft:stone_hoe":45,"minecraft:oak_door":2,"minecraft:torch":111,"minecraft:dirt":3,"minecraft:crafting_table":8,"minecraft:granite":2,"minecraft:obsidian":10,"minecraft:oak_log":3,"minecraft:diamond_pickaxe":181,"minecraft:apple":2,"minecraft:oak_stairs":4,"minecraft:iron_pickaxe":327,"minecraft:stone_axe":90,"minecraft:diamond_sword":70,"minecraft:cobblestone":141,"minecraft:furnace":2,"minecraft:cooked_porkchop":5,"minecraft:bucket":4,"minecraft:cobbled_deepslate":49,"minecraft:bone_meal":18,"minecraft:cooked_mutton":10},"minecraft:crafted":{"minecraft:oak_door":3,"minecraft:oak_planks":176,"minecraft:wooden_shovel":1,"minecraft:stone_shovel":1,"minecraft:diamond_sword":1,"minecraft:cooked_porkchop":5,"minecraft:crafting_table":2,"minecraft:cooked_chicken":5,"minecraft:wooden_pickaxe":1,"minecraft:iron_helmet":1,"minecraft:iron_sword":1,"minecraft:furnace":2,"minecraft:cooked_salmon":7,"minecraft:bone_meal":18,"minecraft:bucket":1,"minecraft:stone_axe":1,"minecraft:cooked_mutton":10,"minecraft:bread":2,"minecraft:air":0,"minecraft:iron_boots":1,"minecraft:charcoal":11,"minecraft:diamond_pickaxe":2,"minecraft:shield":1,"minecraft:stick":56,"minecraft:iron_ingot":32,"minecraft:iron_pickaxe":3,"minecraft:stone_pickaxe":3,"minecraft:oak_stairs":4,"minecraft:stone_sword":1,"minecraft:chest":4,"minecraft:iron_shovel":1,"minecraft:iron_leggings":1,"minecraft:torch":96,"minecraft:stone_hoe":2},"minecraft:dropped":{"minecraft:gravel":12,"minecraft:stone_hoe":1,"minecraft:iron_sword":1,"minecraft:stone_axe":1,"minecraft:stone_sword":1,"minecraft:stone_shovel":2,"minecraft:cobblestone":24,"minecraft:granite":14,"minecraft:wooden_shovel":1,"minecraft:wooden_pickaxe":1,"minecraft:iron_pickaxe":2,"minecraft:white_wool":1},"minecraft:picked_up":{"minecraft:crafting_table":7,"minecraft:wheat":8,"minecraft:feather":4,"minecraft:chicken":5,"minecraft:andesite":3,"minecraft:salmon":3,"minecraft:flint":1,"minecraft:tuff":1,"minecraft:oak_log":80,"minecraft:lapis_lazuli":83,"minecraft:dirt":113,"minecraft:raw_copper":30,"minecraft:bone":6,"minecraft:apple":2,"minecraft:wheat_seeds":30,"minecraft:cobbled_deepslate":80,"minecraft:raw_gold":42,"minecraft:sugar_cane":3,"minecraft:oak_planks":1,"minecraft:furnace":1,"minecraft:egg":2,"minecraft:stick":2,"minecraft:raw_iron":66,"minecraft:torch":15,"minecraft:gravel":12,"minecraft:porkchop":5,"minecraft:ink_sac":3,"minecraft:diorite":63,"minecraft:redstone":98,"minecraft:arrow":6,"minecraft:stone_shovel":1,"minecraft:rotten_flesh":9,"minecraft:diamond":13,"minecraft:granite":16,"minecraft:oak_sapling":3,"minecraft:obsidian":14,"minecraft:mutton":10,"minecraft:coal":41,"minecraft:white_wool":5,"minecraft:cobblestone":523},"minecraft:killed":{"minecraft:pig":2,"minecraft:salmon":2,"minecraft:skeleton":5,"minecraft:sheep":5,"minecraft:zombie":9,"minecraft:chicken":5}},"DataVersion":3953}