{"stats":{"minecraft:used":{"minecraft:wheat_seeds":4,"minecraft:cooked_mutton":2,"minecraft:stone_sword":12,"minecraft:stone_shovel":94,"minecraft:stone_pickaxe":396,"minecraft:oak_planks":10,"minecraft:wooden_pickaxe":4,"minecraft:wooden_shovel":9,"minecraft:stone_hoe":19,"minecraft:oak_door":2,"minecraft:torch":52,"minecraft:crafting_table":4,"minecraft:oak_log":3,"minecraft:oak_stairs":4,"minecraft:iron_pickaxe":62,"minecraft:stone_axe":86,"minecraft:cobblestone":11,"minecraft:furnace":1,"minecraft:cooked_porkchop":1,"minecraft:cobbled_deepslate":3},"minecraft:broken":{"minecraft:stone_pickaxe":3},"minecraft:mined":{"minecraft:crafting_table":3,"minecraft:torch":2,"minecraft:granite":14,"minecraft:short_grass":42,"minecraft:grass_block":20,"minecraft:cobblestone":1,"minecraft:diorite":36,"minecraft:wall_torch":10,"minecraft:iron_ore":8,"minecraft:oak_log":81,"minecraft:coal_ore":24,"minecraft:gravel":13,"minecraft:dirt":76,"minecraft:stone":367,"minecraft:oak_leaves":10,"minecraft:deepslate":5},"minecraft:crafted":{"minecraft:oak_door":3,"minecraft:oak_planks":176,"minecraft:wooden_shovel":1,"minecraft:stone_shovel":1,"minecraft:cooked_porkchop":5,"minecraft:crafting_table":1,"minecraft:wooden_pickaxe":1,"minecraft:iron_sword":1,"minecraft:furnace":1,"minecraft:stone_axe":1,"minecraft:cooked_mutton":2,"minecraft:air":0,"minecraft:charcoal":11,"minecraft:stick":48,"minecraft:iron_ingot":8,"minecraft:iron_pickaxe":1,"minecraft:stone_pickaxe":3,"minecraft:oak_stairs":4,"minecraft:stone_sword":1,"minecraft:torch":44,"minecraft:stone_hoe":1},"minecraft:dropped":{"minecraft:wooden_shovel":1,"minecraft:wooden_pickaxe":1},"minecraft:picked_up":{"minecraft:crafting_table":3,"minecraft:flint":1,"minecraft:oak_log":80,"minecraft:dirt":95,"minecraft:apple":1,"minecraft:wheat_seeds":4,"minecraft:cobbled_deepslate":5,"minecraft:stick":2,"minecraft:raw_iron":8,"minecraft:torch":13,"minecraft:gravel":12,"minecraft:porkchop":5,"minecraft:diorite":36,"minecraft:granite":14,"minecraft:oak_sapling":2,"minecraft:mutton":2,"minecraft:coal":24,"minecraft:white_wool":1,"minecraft:cobblestone":368},"minecraft:custom":{"minecraft:interact_with_furnace":7,"minecraft:mob_kills":3,"minecraft:interact_with_crafting_table":12,"minecraft:time_since_death":40683,"minecraft:time_since_rest":40683,"minecraft:sprint_one_cm":50253,"minecraft:damage_taken":120,"minecraft:walk_one_cm":86869,"minecraft:drop":2,"minecraft:damage_dealt":355,"minecraft:fly_one_cm":27425,"minecraft:crouch_one_cm":3,"minecraft:play_time":40683,"minecraft:sneak_time":44,"minecraft:jump":432,"minecraft:walk_on_water_one_cm":1616,"minecraft:total_world_time":40683,"minecraft:fall_one_cm":7194},"minecraft:killed":{"minecraft:pig":2,"minecraft:sheep":1}},"DataVersion":3953}