{"stats":{"minecraft:used":{"minecraft:wheat_seeds":29,"minecraft:cooked_mutton":2,"minecraft:stone_sword":12,"minecraft:iron_shovel":15,"minecraft:stone_shovel":94,"minecraft:stone_pickaxe":396,"minecraft:oak_planks":10,"minecraft:chest":4,"minecraft:shield":5,"minecraft:wooden_pickaxe":4,"minecraft:iron_sword":29,"minecraft:sugar_cane":3,"minecraft:cooked_salmon":3,"minecraft:wooden_shovel":9,"minecraft:stone_hoe":45,"minecraft:oak_door":2,"minecraft:torch":86,"minecraft:crafting_table":8,"minecraft:oak_log":3,"minecraft:oak_stairs":4,"minecraft:iron_pickaxe":327,"minecraft:stone_axe":90,"minecraft:diamond_sword":28,"minecraft:cobblestone":113,"minecraft:furnace":2,"minecraft:cooked_porkchop":5,"minecraft:bucket":1,"minecraft:cobbled_deepslate":3,"minecraft:bone_meal":18},"minecraft:broken":{"minecraft:stone_pickaxe":3,"minecraft:iron_pickaxe":1},"minecraft:crafted":{"minecraft:oak_door":3,"minecraft:oak_planks":176,"minecraft:wooden_shovel":1,"minecraft:stone_shovel":1,"minecraft:diamond_sword":1,"minecraft:cooked_porkchop":5,"minecraft:crafting_table":2,"minecraft:iron_helmet":1,"minecraft:wooden_pickaxe":1,"minecraft:iron_sword":1,"minecraft:furnace":2,"minecraft:cooked_salmon":4,"minecraft:bone_meal":18,"minecraft:bucket":1,"minecraft:stone_axe":1,"minecraft:cooked_mutton":2,"minecraft:air":0,"minecraft:iron_boots":1,"minecraft:diamond_pickaxe":2,"minecraft:charcoal":11,"minecraft:shield":1,"minecraft:stick":56,"minecraft:iron_ingot":32,"minecraft:iron_pickaxe":3,"minecraft:stone_pickaxe":3,"minecraft:oak_stairs":4,"minecraft:stone_sword":1,"minecraft:chest":4,"minecraft:iron_shovel":1,"minecraft:iron_leggings":1,"minecraft:torch":96,"minecraft:stone_hoe":2},"minecraft:mined":{"minecraft:deepslate_redstone_ore":2,"minecraft:tuff":2,"minecraft:deepslate_diamond_ore":8,"minecraft:crafting_table":7,"minecraft:torch":2,"minecraft:granite":14,"minecraft:short_grass":45,"minecraft:grass_block":34,"minecraft:copper_ore":7,"minecraft:cobblestone":15,"minecraft:deepslate_gold_ore":8,"minecraft:lapis_ore":4,"minecraft:sugar_cane":1,"minecraft:diorite":63,"minecraft:wall_torch":12,"minecraft:furnace":1,"minecraft:wheat":8,"minecraft:iron_ore":16,"minecraft:oak_log":81,"minecraft:coal_ore":24,"minecraft:deepslate_iron_ore":18,"minecraft:gravel":13,"minecraft:dirt":76,"minecraft:stone":502,"minecraft:oak_leaves":13,"minecraft:deepslate":36},"minecraft:dropped":{"minecraft:gravel":12,"minecraft:stone_hoe":1,"minecraft:iron_sword":1,"minecraft:stone_axe":1,"minecraft:stone_sword":1,"minecraft:stone_shovel":2,"minecraft:cobblestone":24,"minecraft:granite":14,"minecraft:wooden_shovel":1,"minecraft:wooden_pickaxe":1,"minecraft:iron_pickaxe":2,"minecraft:white_wool":1},"minecraft:picked_up":{"minecraft:feather":2,"minecraft:crafting_table":7,"minecraft:wheat":8,"minecraft:chicken":4,"minecraft:flint":1,"minecraft:oak_log":80,"minecraft:lapis_lazuli":29,"minecraft:dirt":109,"minecraft:raw_copper":30,"minecraft:bone":6,"minecraft:apple":1,"minecraft:wheat_seeds":30,"minecraft:cobbled_deepslate":34,"minecraft:raw_gold":8,"minecraft:sugar_cane":3,"minecraft:oak_planks":1,"minecraft:egg":1,"minecraft:furnace":1,"minecraft:stick":2,"minecraft:raw_iron":33,"minecraft:torch":15,"minecraft:gravel":12,"minecraft:porkchop":5,"minecraft:diorite":63,"minecraft:redstone":9,"minecraft:rotten_flesh":1,"minecraft:arrow":6,"minecraft:stone_shovel":1,"minecraft:diamond":8,"minecraft:granite":14,"minecraft:oak_sapling":2,"minecraft:mutton":2,"minecraft:coal":41,"minecraft:white_wool":1,"minecraft:cobblestone":517},"minecraft:custom":{"minecraft:interact_with_furnace":19,"minecraft:mob_kills":16,"minecraft:interact_with_crafting_table":26,"minecraft:time_since_death":70683,"minecraft:time_since_rest":70683,"minecraft:sprint_one_cm":91524,"minecraft:damage_taken":810,"minecraft:walk_one_cm":154608,"minecraft:damage_blocked_by_shield":140,"minecraft:drop":14,"minecraft:damage_dealt":2548,"minecraft:fly_one_cm":49263,"minecraft:open_chest":6,"minecraft:crouch_one_cm":5448,"minecraft:play_time":70683,"minecraft:sneak_time":2062,"minecraft:walk_under_water_one_cm":1798,"minecraft:jump":740,"minecraft:walk_on_water_one_cm":1933,"minecraft:total_world_time":70683,"minecraft:fall_one_cm":11337},"minecraft:killed":{"minecraft:pig":2,"minecraft:skeleton":5,"minecraft:sheep":1,"minecraft:zombie":4,"minecraft:chicken":4}},"DataVersion":3953}