{"stats":{"minecraft:used":{"minecraft:wheat_seeds":4,"minecraft:cooked_mutton":2,"minecraft:stone_sword":12,"minecraft:iron_shovel":1,"minecraft:stone_shovel":94,"minecraft:stone_pickaxe":396,"minecraft:oak_planks":10,"minecraft:wooden_pickaxe":4,"minecraft:iron_sword":6,"minecraft:wooden_shovel":9,"minecraft:stone_hoe":19,"minecraft:oak_door":2,"minecraft:torch":77,"minecraft:crafting_table":7,"minecraft:oak_log":3,"minecraft:oak_stairs":4,"minecraft:iron_pickaxe":263,"minecraft:stone_axe":90,"minecraft:cobblestone":80,"minecraft:furnace":2,"minecraft:cooked_porkchop":1,"minecraft:cobbled_deepslate":3},"minecraft:broken":{"minecraft:stone_pickaxe":3,"minecraft:iron_pickaxe":1},"minecraft:mined":{"minecraft:crafting_table":6,"minecraft:torch":2,"minecraft:granite":14,"minecraft:short_grass":42,"minecraft:grass_block":20,"minecraft:copper_ore":7,"minecraft:cobblestone":4,"minecraft:lapis_ore":4,"minecraft:diorite":63,"minecraft:wall_torch":12,"minecraft:furnace":1,"minecraft:iron_ore":16,"minecraft:oak_log":81,"minecraft:coal_ore":24,"minecraft:deepslate_iron_ore":2,"minecraft:gravel":13,"minecraft:dirt":76,"minecraft:stone":502,"minecraft:oak_leaves":10,"minecraft:deepslate":19},"minecraft:crafted":{"minecraft:oak_door":3,"minecraft:oak_planks":176,"minecraft:wooden_shovel":1,"minecraft:stone_shovel":1,"minecraft:cooked_porkchop":5,"minecraft:crafting_table":2,"minecraft:wooden_pickaxe":1,"minecraft:iron_sword":1,"minecraft:furnace":2,"minecraft:bucket":1,"minecraft:stone_axe":1,"minecraft:cooked_mutton":2,"minecraft:air":0,"minecraft:charcoal":11,"minecraft:stick":48,"minecraft:iron_ingot":18,"minecraft:iron_pickaxe":3,"minecraft:stone_pickaxe":3,"minecraft:oak_stairs":4,"minecraft:stone_sword":1,"minecraft:iron_shovel":1,"minecraft:torch":64,"minecraft:stone_hoe":1},"minecraft:picked_up":{"minecraft:crafting_table":6,"minecraft:flint":1,"minecraft:oak_log":80,"minecraft:lapis_lazuli":29,"minecraft:dirt":95,"minecraft:raw_copper":30,"minecraft:bone":2,"minecraft:apple":1,"minecraft:wheat_seeds":4,"minecraft:cobbled_deepslate":18,"minecraft:furnace":1,"minecraft:stick":2,"minecraft:raw_iron":18,"minecraft:torch":15,"minecraft:gravel":12,"minecraft:porkchop":5,"minecraft:diorite":63,"minecraft:arrow":2,"minecraft:stone_shovel":1,"minecraft:granite":14,"minecraft:oak_sapling":2,"minecraft:mutton":2,"minecraft:coal":41,"minecraft:white_wool":1,"minecraft:cobblestone":506},"minecraft:dropped":{"minecraft:stone_hoe":1,"minecraft:stone_axe":1,"minecraft:stone_sword":1,"minecraft:stone_shovel":2,"minecraft:wooden_shovel":1,"minecraft:wooden_pickaxe":1},"minecraft:custom":{"minecraft:interact_with_furnace":12,"minecraft:mob_kills":4,"minecraft:interact_with_crafting_table":18,"minecraft:time_since_death":52683,"minecraft:time_since_rest":52683,"minecraft:sprint_one_cm":51991,"minecraft:damage_taken":195,"minecraft:walk_one_cm":99226,"minecraft:drop":7,"minecraft:damage_dealt":555,"minecraft:fly_one_cm":27793,"minecraft:crouch_one_cm":3879,"minecraft:play_time":52683,"minecraft:sneak_time":1640,"minecraft:walk_under_water_one_cm":1798,"minecraft:jump":455,"minecraft:walk_on_water_one_cm":1689,"minecraft:total_world_time":52683,"minecraft:fall_one_cm":8706},"minecraft:killed":{"minecraft:pig":2,"minecraft:skeleton":1,"minecraft:sheep":1}},"DataVersion":3953}