{"stats":{"minecraft:used":{"minecraft:wheat_seeds":29,"minecraft:cooked_mutton":3,"minecraft:stone_sword":12,"minecraft:iron_shovel":19,"minecraft:stone_shovel":94,"minecraft:stone_pickaxe":396,"minecraft:oak_planks":10,"minecraft:chest":4,"minecraft:shield":5,"minecraft:wooden_pickaxe":4,"minecraft:iron_sword":29,"minecraft:sugar_cane":3,"minecraft:cooked_salmon":4,"minecraft:wooden_shovel":9,"minecraft:stone_hoe":45,"minecraft:oak_door":2,"minecraft:torch":93,"minecraft:dirt":3,"minecraft:crafting_table":8,"minecraft:obsidian":10,"minecraft:oak_log":3,"minecraft:diamond_pickaxe":34,"minecraft:apple":2,"minecraft:oak_stairs":4,"minecraft:iron_pickaxe":327,"minecraft:stone_axe":90,"minecraft:diamond_sword":42,"minecraft:cobblestone":117,"minecraft:furnace":2,"minecraft:cooked_porkchop":5,"minecraft:bucket":2,"minecraft:cobbled_deepslate":7,"minecraft:bone_meal":18,"minecraft:water_bucket":1},"minecraft:broken":{"minecraft:stone_pickaxe":3,"minecraft:iron_pickaxe":1},"minecraft:crafted":{"minecraft:oak_door":3,"minecraft:oak_planks":176,"minecraft:wooden_shovel":1,"minecraft:stone_shovel":1,"minecraft:diamond_sword":1,"minecraft:cooked_porkchop":5,"minecraft:crafting_table":2,"minecraft:cooked_chicken":5,"minecraft:iron_helmet":1,"minecraft:wooden_pickaxe":1,"minecraft:iron_sword":1,"minecraft:furnace":2,"minecraft:cooked_salmon":7,"minecraft:bone_meal":18,"minecraft:bucket":1,"minecraft:stone_axe":1,"minecraft:bread":2,"minecraft:cooked_mutton":10,"minecraft:air":0,"minecraft:iron_boots":1,"minecraft:diamond_pickaxe":2,"minecraft:charcoal":11,"minecraft:shield":1,"minecraft:stick":56,"minecraft:iron_ingot":32,"minecraft:iron_pickaxe":3,"minecraft:stone_pickaxe":3,"minecraft:oak_stairs":4,"minecraft:stone_sword":1,"minecraft:chest":4,"minecraft:iron_shovel":1,"minecraft:iron_leggings":1,"minecraft:torch":96,"minecraft:stone_hoe":2},"minecraft:mined":{"minecraft:deepslate_redstone_ore":9,"minecraft:tuff":2,"minecraft:deepslate_diamond_ore":8,"minecraft:obsidian":14,"minecraft:crafting_table":7,"minecraft:torch":2,"minecraft:granite":14,"minecraft:short_grass":45,"minecraft:grass_block":36,"minecraft:copper_ore":7,"minecraft:cobblestone":15,"minecraft:deepslate_gold_ore":16,"minecraft:lapis_ore":4,"minecraft:sugar_cane":1,"minecraft:diorite":63,"minecraft:wall_torch":12,"minecraft:tall_seagrass":1,"minecraft:furnace":1,"minecraft:wheat":8,"minecraft:iron_ore":16,"minecraft:oak_log":81,"minecraft:coal_ore":24,"minecraft:deepslate_iron_ore":18,"minecraft:gravel":13,"minecraft:dirt":78,"minecraft:stone":503,"minecraft:oak_leaves":15,"minecraft:deepslate":40},"minecraft:dropped":{"minecraft:gravel":12,"minecraft:stone_hoe":1,"minecraft:iron_sword":1,"minecraft:stone_axe":1,"minecraft:stone_sword":1,"minecraft:stone_shovel":2,"minecraft:cobblestone":24,"minecraft:granite":14,"minecraft:wooden_shovel":1,"minecraft:wooden_pickaxe":1,"minecraft:iron_pickaxe":2,"minecraft:white_wool":1},"minecraft:picked_up":{"minecraft:feather":4,"minecraft:crafting_table":7,"minecraft:wheat":8,"minecraft:chicken":5,"minecraft:salmon":3,"minecraft:flint":1,"minecraft:oak_log":80,"minecraft:lapis_lazuli":29,"minecraft:dirt":113,"minecraft:raw_copper":30,"minecraft:bone":6,"minecraft:apple":2,"minecraft:wheat_seeds":30,"minecraft:cobbled_deepslate":38,"minecraft:raw_gold":16,"minecraft:sugar_cane":3,"minecraft:oak_planks":1,"minecraft:egg":2,"minecraft:furnace":1,"minecraft:stick":2,"minecraft:raw_iron":33,"minecraft:torch":15,"minecraft:gravel":12,"minecraft:porkchop":5,"minecraft:ink_sac":3,"minecraft:diorite":63,"minecraft:redstone":31,"minecraft:rotten_flesh":1,"minecraft:arrow":6,"minecraft:stone_shovel":1,"minecraft:diamond":8,"minecraft:granite":14,"minecraft:oak_sapling":3,"minecraft:obsidian":14,"minecraft:mutton":10,"minecraft:coal":41,"minecraft:white_wool":5,"minecraft:cobblestone":518},"minecraft:custom":{"minecraft:interact_with_furnace":23,"minecraft:mob_kills":23,"minecraft:interact_with_crafting_table":28,"minecraft:time_since_death":82683,"minecraft:time_since_rest":82683,"minecraft:sprint_one_cm":114636,"minecraft:damage_taken":950,"minecraft:walk_one_cm":183191,"minecraft:damage_blocked_by_shield":140,"minecraft:drop":14,"minecraft:damage_dealt":2968,"minecraft:swim_one_cm":4358,"minecraft:fly_one_cm":62960,"minecraft:open_chest":7,"minecraft:crouch_one_cm":5448,"minecraft:play_time":82683,"minecraft:sneak_time":2062,"minecraft:walk_under_water_one_cm":2712,"minecraft:jump":868,"minecraft:walk_on_water_one_cm":2814,"minecraft:total_world_time":82683,"minecraft:fall_one_cm":16800},"minecraft:killed":{"minecraft:pig":2,"minecraft:salmon":2,"minecraft:skeleton":5,"minecraft:sheep":5,"minecraft:zombie":4,"minecraft:chicken":5}},"DataVersion":3953}