{"stats":{"minecraft:mined":{"minecraft:deepslate_redstone_ore":7,"minecraft:tuff":2,"minecraft:deepslate_diamond_ore":13,"minecraft:crafting_table":2,"minecraft:short_grass":1,"minecraft:cobblestone":7,"minecraft:deepslate_gold_ore":6,"minecraft:oak_planks":14,"minecraft:tall_seagrass":1,"minecraft:cobbled_deepslate":5,"minecraft:oak_log":60,"minecraft:deepslate_iron_ore":14,"minecraft:stone":8,"minecraft:oak_leaves":11,"minecraft:deepslate":56},"minecraft:used":{"minecraft:stone_sword":8,"minecraft:stone_pickaxe":5,"minecraft:oak_planks":14,"minecraft:shield":20,"minecraft:wooden_pickaxe":3,"minecraft:iron_sword":77,"minecraft:cooked_salmon":15,"minecraft:rotten_flesh":5,"minecraft:torch":1,"minecraft:crafting_table":2,"minecraft:diamond_pickaxe":29,"minecraft:apple":1,"minecraft:iron_pickaxe":82,"minecraft:gravel":1,"minecraft:stone_axe":68,"minecraft:diamond_sword":5,"minecraft:cobblestone":6,"minecraft:beef":2,"minecraft:cobbled_deepslate":61},"minecraft:custom":{"minecraft:interact_with_furnace":14,"minecraft:mob_kills":38,"minecraft:interact_with_crafting_table":11,"minecraft:leave_game":1,"minecraft:time_since_death":99474,"minecraft:time_since_rest":99474,"minecraft:sprint_one_cm":97448,"minecraft:damage_taken":1393,"minecraft:walk_one_cm":166787,"minecraft:damage_blocked_by_shield":910,"minecraft:drop":2,"minecraft:damage_dealt":4056,"minecraft:swim_one_cm":14447,"minecraft:fly_one_cm":86654,"minecraft:open_chest":5,"minecraft:crouch_one_cm":9291,"minecraft:play_time":99474,"minecraft:sneak_time":3590,"minecraft:walk_under_water_one_cm":9789,"minecraft:jump":876,"minecraft:walk_on_water_one_cm":15900,"minecraft:total_world_time":99474,"minecraft:fall_one_cm":18508},"minecraft:dropped":{"minecraft:rotten_flesh":2},"minecraft:crafted":{"minecraft:oak_planks":60,"minecraft:diamond_sword":1,"minecraft:crafting_table":1,"minecraft:wooden_pickaxe":1,"minecraft:cooked_salmon":15,"minecraft:stone_axe":1,"minecraft:air":0,"minecraft:diamond_pickaxe":1,"minecraft:shield":1,"minecraft:stick":8,"minecraft:iron_ingot":1,"minecraft:stone_pickaxe":1,"minecraft:stone_sword":1,"minecraft:diamond_chestplate":1},"minecraft:picked_up":{"minecraft:crafting_table":2,"minecraft:salmon":19,"minecraft:tuff":2,"minecraft:oak_log":60,"minecraft:string":2,"minecraft:bone":5,"minecraft:apple":2,"minecraft:wheat_seeds":1,"minecraft:cobbled_deepslate":67,"minecraft:raw_gold":6,"minecraft:beef":2,"minecraft:iron_pickaxe":2,"minecraft:oak_planks":13,"minecraft:iron_sword":1,"minecraft:raw_iron":14,"minecraft:stick":2,"minecraft:torch":1,"minecraft:dripstone_block":9,"minecraft:gravel":1,"minecraft:pointed_dripstone":2,"minecraft:redstone":42,"minecraft:arrow":6,"minecraft:rotten_flesh":7,"minecraft:diamond":13,"minecraft:oak_sapling":4,"minecraft:cobblestone":14},"minecraft:killed":{"minecraft:salmon":21,"minecraft:spider":2,"minecraft:skeleton":7,"minecraft:zombie":7,"minecraft:cow":1}},"DataVersion":3953}