{"stats":{"minecraft:mined":{"minecraft:oak_log":6,"minecraft:oak_leaves":2},"minecraft:picked_up":{"minecraft:oak_log":6,"minecraft:apple":1,"minecraft:oak_sapling":3},"minecraft:custom":{"minecraft:jump":30,"minecraft:time_since_rest":41351,"minecraft:crouch_one_cm":451,"minecraft:sprint_one_cm":4969,"minecraft:play_time":41351,"minecraft:damage_taken":75,"minecraft:time_since_death":41351,"minecraft:walk_one_cm":4982,"minecraft:sneak_time":274,"minecraft:total_world_time":41351,"minecraft:fly_one_cm":2586}},"DataVersion":3953}