{"stats":{"minecraft:used":{"minecraft:apple":1,"minecraft:stone_sword":8,"minecraft:stone_pickaxe":5,"minecraft:oak_planks":14,"minecraft:shield":4,"minecraft:wooden_pickaxe":3,"minecraft:iron_sword":12,"minecraft:cooked_salmon":4,"minecraft:stone_axe":43},"minecraft:mined":{"minecraft:short_grass":1,"minecraft:oak_log":40,"minecraft:stone":8,"minecraft:oak_planks":14,"minecraft:oak_leaves":5},"minecraft:crafted":{"minecraft:oak_planks":60,"minecraft:shield":1,"minecraft:stick":8,"minecraft:iron_ingot":1,"minecraft:wooden_pickaxe":1,"minecraft:stone_pickaxe":1,"minecraft:stone_sword":1,"minecraft:cooked_salmon":4,"minecraft:stone_axe":1,"minecraft:air":0},"minecraft:picked_up":{"minecraft:salmon":12,"minecraft:oak_log":40,"minecraft:string":2,"minecraft:apple":1,"minecraft:wheat_seeds":1,"minecraft:iron_pickaxe":2,"minecraft:oak_sapling":3,"minecraft:iron_sword":1,"minecraft:oak_planks":13,"minecraft:cobblestone":8},"minecraft:custom":{"minecraft:time_since_rest":71351,"minecraft:interact_with_furnace":10,"minecraft:sprint_one_cm":33231,"minecraft:damage_taken":470,"minecraft:walk_one_cm":59413,"minecraft:damage_blocked_by_shield":256,"minecraft:mob_kills":14,"minecraft:damage_dealt":737,"minecraft:swim_one_cm":7202,"minecraft:interact_with_crafting_table":7,"minecraft:fly_one_cm":21272,"minecraft:open_chest":5,"minecraft:crouch_one_cm":2547,"minecraft:play_time":71351,"minecraft:sneak_time":1185,"minecraft:walk_under_water_one_cm":6220,"minecraft:jump":304,"minecraft:time_since_death":71351,"minecraft:walk_on_water_one_cm":6913,"minecraft:total_world_time":71351,"minecraft:fall_one_cm":4916},"minecraft:killed":{"minecraft:salmon":13,"minecraft:spider":1}},"DataVersion":3953}