{"stats":{"minecraft:picked_up":{"minecraft:stripped_oak_log":1,"minecraft:stick":4,"marbledsarsenal:police_baton":1,"ecologics:coconut_slice":2,"pointblank:gunmetal_nugget":8,"minecraft:oak_log":1,"minecraft:spruce_sapling":5,"minecraft:spruce_log":2,"minecraft:gunpowder":1,"pointblank:m1911a1":2,"minecraft:bone":2,"minecraft:rotten_flesh":6,"minecraft:slime_ball":1,"minecraft:wheat_seeds":2,"ecologics:coconut_log":5,"minecraft:hay_block":6,"minecraft:bread":25,"pointblank:workstation":1,"minecraft:oak_planks":5},"minecraft:killed":{"minecraft:zombie":4,"hordes:zombie_player":3,"minecraft:zombie_villager":1},"minecraft:mined":{"minecraft:hay_block":6,"projectvibrantjourneys:bones":1,"minecraft:spruce_log":1,"minecraft:torch":1,"minecraft:grass":2,"projectvibrantjourneys:twigs":1,"minecraft:oak_log":1,"minecraft:stripped_oak_log":1,"minecraft:tall_grass":1,"ecologics:coconut_log":5,"minecraft:oak_planks":5},"minecraft:killed_by":{"minecraft:zombie":1},"minecraft:crafted":{"ecologics:coconut_planks":20,"minecraft:bread":18,"minecraft:wheat":54},"minecraft:used":{"minecraft:bread":5,"marbledsarsenal:police_baton":49,"minecraft:rotten_flesh":1},"minecraft:dropped":{"marbledsarsenal:police_baton":1,"pointblank:m1911a1":2,"minecraft:stick":1},"minecraft:custom":{"minecraft:time_since_rest":58,"minecraft:sprint_one_cm":26581,"minecraft:damage_taken":550,"minecraft:walk_one_cm":78970,"minecraft:mob_kills":8,"minecraft:drop":4,"minecraft:damage_dealt":603,"minecraft:swim_one_cm":1523,"minecraft:interact_with_crafting_table":1,"minecraft:talked_to_villager":1,"minecraft:fly_one_cm":30613,"minecraft:player_kills":1,"minecraft:open_chest":3,"minecraft:crouch_one_cm":4526,"minecraft:play_time":28724,"minecraft:deaths":1,"minecraft:sneak_time":2148,"minecraft:walk_under_water_one_cm":1163,"minecraft:jump":168,"minecraft:leave_game":1,"minecraft:time_since_death":0,"minecraft:walk_on_water_one_cm":8061,"minecraft:sleep_in_bed":1,"minecraft:total_world_time":28724,"minecraft:fall_one_cm":4013}},"DataVersion":3465}