{"stats":{"minecraft:picked_up":{"pointblank:m1911a1":2,"minecraft:stick":2,"marbledsarsenal:police_baton":1},"minecraft:killed":{"hordes:zombie_player":1},"minecraft:mined":{"minecraft:tall_grass":1,"projectvibrantjourneys:twigs":1},"minecraft:used":{"marbledsarsenal:police_baton":2},"minecraft:dropped":{"marbledsarsenal:police_baton":1,"pointblank:m1911a1":2,"minecraft:stick":1},"minecraft:custom":{"minecraft:jump":16,"minecraft:time_since_rest":4152,"minecraft:damage_dealt":51,"minecraft:crouch_one_cm":275,"minecraft:damage_taken":147,"minecraft:play_time":4152,"minecraft:time_since_death":4152,"minecraft:walk_one_cm":23016,"minecraft:sneak_time":100,"minecraft:total_world_time":4152,"minecraft:mob_kills":1,"minecraft:player_kills":1,"minecraft:drop":4,"minecraft:fly_one_cm":428}},"DataVersion":3465}