{"stats":{"minecraft:mined":{"minecraft:short_grass":1,"minecraft:oak_log":9,"minecraft:oak_leaves":2},"minecraft:picked_up":{"minecraft:oak_log":9,"minecraft:apple":1,"minecraft:oak_sapling":3,"minecraft:wheat_seeds":1},"minecraft:custom":{"minecraft:jump":33,"minecraft:time_since_rest":53351,"minecraft:crouch_one_cm":701,"minecraft:sprint_one_cm":6649,"minecraft:play_time":53351,"minecraft:damage_taken":75,"minecraft:time_since_death":53351,"minecraft:walk_one_cm":6977,"minecraft:sneak_time":407,"minecraft:total_world_time":53351,"minecraft:fly_one_cm":3003}},"DataVersion":3953}