{"stats":{"minecraft:used":{"minecraft:stone_sword":8,"minecraft:stone_pickaxe":5,"minecraft:oak_planks":14,"minecraft:wooden_pickaxe":3,"minecraft:shield":18,"minecraft:iron_sword":77,"minecraft:cooked_salmon":15,"minecraft:rotten_flesh":1,"minecraft:torch":1,"minecraft:crafting_table":1,"minecraft:diamond_pickaxe":24,"minecraft:apple":1,"minecraft:iron_pickaxe":82,"minecraft:gravel":1,"minecraft:stone_axe":67,"minecraft:cobblestone":6,"minecraft:beef":2,"minecraft:cobbled_deepslate":59},"minecraft:crafted":{"minecraft:oak_planks":60,"minecraft:crafting_table":1,"minecraft:wooden_pickaxe":1,"minecraft:cooked_salmon":15,"minecraft:stone_axe":1,"minecraft:air":0,"minecraft:diamond_pickaxe":1,"minecraft:shield":1,"minecraft:stick":8,"minecraft:iron_ingot":1,"minecraft:stone_pickaxe":1,"minecraft:stone_sword":1,"minecraft:diamond_chestplate":1},"minecraft:mined":{"minecraft:deepslate_redstone_ore":7,"minecraft:tuff":2,"minecraft:deepslate_diamond_ore":13,"minecraft:crafting_table":1,"minecraft:short_grass":1,"minecraft:cobblestone":7,"minecraft:deepslate_gold_ore":6,"minecraft:oak_planks":14,"minecraft:tall_seagrass":1,"minecraft:cobbled_deepslate":5,"minecraft:oak_log":60,"minecraft:deepslate_iron_ore":11,"minecraft:stone":8,"minecraft:oak_leaves":11,"minecraft:deepslate":54},"minecraft:dropped":{"minecraft:rotten_flesh":2},"minecraft:picked_up":{"minecraft:crafting_table":1,"minecraft:salmon":19,"minecraft:tuff":2,"minecraft:oak_log":60,"minecraft:string":2,"minecraft:bone":3,"minecraft:apple":2,"minecraft:wheat_seeds":1,"minecraft:cobbled_deepslate":65,"minecraft:raw_gold":6,"minecraft:beef":2,"minecraft:iron_pickaxe":2,"minecraft:oak_planks":13,"minecraft:iron_sword":1,"minecraft:stick":2,"minecraft:raw_iron":11,"minecraft:torch":1,"minecraft:dripstone_block":9,"minecraft:gravel":1,"minecraft:pointed_dripstone":2,"minecraft:redstone":42,"minecraft:arrow":6,"minecraft:rotten_flesh":7,"minecraft:diamond":13,"minecraft:oak_sapling":4,"minecraft:cobblestone":14},"minecraft:custom":{"minecraft:interact_with_furnace":14,"minecraft:mob_kills":36,"minecraft:interact_with_crafting_table":10,"minecraft:leave_game":1,"minecraft:time_since_death":94555,"minecraft:time_since_rest":94555,"minecraft:sprint_one_cm":89866,"minecraft:damage_taken":1361,"minecraft:walk_one_cm":150799,"minecraft:damage_blocked_by_shield":763,"minecraft:drop":2,"minecraft:damage_dealt":3696,"minecraft:swim_one_cm":14447,"minecraft:fly_one_cm":80968,"minecraft:open_chest":5,"minecraft:crouch_one_cm":9095,"minecraft:play_time":94555,"minecraft:sneak_time":3548,"minecraft:walk_under_water_one_cm":8856,"minecraft:jump":810,"minecraft:walk_on_water_one_cm":14123,"minecraft:total_world_time":94555,"minecraft:fall_one_cm":16654},"minecraft:killed":{"minecraft:salmon":21,"minecraft:spider":1,"minecraft:skeleton":6,"minecraft:zombie":7,"minecraft:cow":1}},"DataVersion":3953}