{"stats":{"minecraft:picked_up":{"minecraft:rotten_flesh":1,"minecraft:carrot":1},"minecraft:used":{"minecraft:carrot":2},"minecraft:killed":{"minecraft:husk":2},"minecraft:custom":{"minecraft:jump":62,"minecraft:time_since_rest":5164,"minecraft:damage_dealt":391,"minecraft:leave_game":5,"minecraft:play_time":5164,"minecraft:sprint_one_cm":2946,"minecraft:damage_taken":200,"minecraft:time_since_death":5164,"minecraft:walk_one_cm":7546,"minecraft:total_world_time":5164,"minecraft:mob_kills":2,"minecraft:fall_one_cm":1254,"minecraft:fly_one_cm":5141}},"DataVersion":2975}