{"stats":{"minecraft:used":{"minecraft:apple":1,"minecraft:stone_sword":8,"minecraft:stone_pickaxe":5,"minecraft:iron_pickaxe":45,"minecraft:oak_planks":14,"minecraft:shield":12,"minecraft:wooden_pickaxe":3,"minecraft:iron_sword":46,"minecraft:gravel":1,"minecraft:cooked_salmon":9,"minecraft:stone_axe":66,"minecraft:torch":1,"minecraft:cobblestone":6,"minecraft:cobbled_deepslate":10},"minecraft:crafted":{"minecraft:oak_planks":60,"minecraft:shield":1,"minecraft:stick":8,"minecraft:iron_ingot":1,"minecraft:wooden_pickaxe":1,"minecraft:stone_pickaxe":1,"minecraft:stone_sword":1,"minecraft:cooked_salmon":15,"minecraft:stone_axe":1,"minecraft:air":0},"minecraft:mined":{"minecraft:deepslate_redstone_ore":6,"minecraft:tall_seagrass":1,"minecraft:deepslate_diamond_ore":2,"minecraft:cobbled_deepslate":2,"minecraft:short_grass":1,"minecraft:oak_log":60,"minecraft:cobblestone":7,"minecraft:deepslate_gold_ore":4,"minecraft:stone":8,"minecraft:oak_planks":14,"minecraft:deepslate":24,"minecraft:oak_leaves":11},"minecraft:dropped":{"minecraft:rotten_flesh":2},"minecraft:picked_up":{"minecraft:stick":2,"minecraft:salmon":19,"minecraft:torch":1,"minecraft:dripstone_block":9,"minecraft:gravel":1,"minecraft:oak_log":60,"minecraft:pointed_dripstone":2,"minecraft:redstone":38,"minecraft:string":2,"minecraft:bone":2,"minecraft:arrow":6,"minecraft:rotten_flesh":2,"minecraft:apple":2,"minecraft:diamond":2,"minecraft:wheat_seeds":1,"minecraft:cobbled_deepslate":32,"minecraft:raw_gold":4,"minecraft:beef":2,"minecraft:iron_pickaxe":2,"minecraft:oak_sapling":4,"minecraft:iron_sword":1,"minecraft:oak_planks":13,"minecraft:cobblestone":14},"minecraft:custom":{"minecraft:time_since_rest":83351,"minecraft:interact_with_furnace":14,"minecraft:sprint_one_cm":52964,"minecraft:damage_taken":766,"minecraft:walk_one_cm":107303,"minecraft:damage_blocked_by_shield":605,"minecraft:mob_kills":29,"minecraft:drop":2,"minecraft:damage_dealt":2245,"minecraft:swim_one_cm":13600,"minecraft:interact_with_crafting_table":8,"minecraft:fly_one_cm":40382,"minecraft:open_chest":5,"minecraft:crouch_one_cm":5446,"minecraft:play_time":83351,"minecraft:sneak_time":2309,"minecraft:walk_under_water_one_cm":8483,"minecraft:jump":461,"minecraft:time_since_death":83351,"minecraft:walk_on_water_one_cm":11960,"minecraft:total_world_time":83351,"minecraft:fall_one_cm":8406},"minecraft:killed":{"minecraft:skeleton":4,"minecraft:zombie":2,"minecraft:salmon":21,"minecraft:spider":1,"minecraft:cow":1}},"DataVersion":3953}