{"stats":{"minecraft:mined":{"minecraft:deepslate_redstone_ore":8,"minecraft:tuff":8,"minecraft:deepslate_diamond_ore":14,"minecraft:crafting_table":2,"minecraft:granite":3,"minecraft:short_grass":1,"minecraft:cobblestone":7,"minecraft:lapis_ore":3,"minecraft:deepslate_gold_ore":21,"minecraft:oak_planks":14,"minecraft:tall_seagrass":1,"minecraft:iron_ore":14,"minecraft:cobbled_deepslate":5,"minecraft:oak_log":60,"minecraft:deepslate_iron_ore":43,"minecraft:stone":10,"minecraft:gold_ore":3,"minecraft:oak_leaves":11,"minecraft:deepslate":71},"minecraft:used":{"minecraft:stone_sword":8,"minecraft:stone_pickaxe":19,"minecraft:oak_planks":14,"minecraft:shield":27,"minecraft:wooden_pickaxe":3,"minecraft:iron_sword":77,"minecraft:cooked_salmon":15,"minecraft:rotten_flesh":5,"minecraft:torch":1,"minecraft:crafting_table":2,"minecraft:tuff":8,"minecraft:diamond_pickaxe":107,"minecraft:apple":1,"minecraft:iron_pickaxe":82,"minecraft:gravel":1,"minecraft:stone_axe":68,"minecraft:diamond_sword":22,"minecraft:cobblestone":8,"minecraft:beef":2,"minecraft:cobbled_deepslate":73},"minecraft:custom":{"minecraft:interact_with_furnace":14,"minecraft:mob_kills":44,"minecraft:interact_with_crafting_table":11,"minecraft:leave_game":2,"minecraft:time_since_death":110160,"minecraft:time_since_rest":110160,"minecraft:sprint_one_cm":104963,"minecraft:damage_taken":1487,"minecraft:walk_one_cm":238971,"minecraft:damage_blocked_by_shield":1132,"minecraft:drop":2,"minecraft:damage_dealt":5106,"minecraft:swim_one_cm":14447,"minecraft:fly_one_cm":92634,"minecraft:open_chest":5,"minecraft:crouch_one_cm":9553,"minecraft:play_time":110160,"minecraft:sneak_time":3739,"minecraft:walk_under_water_one_cm":9789,"minecraft:jump":1057,"minecraft:walk_on_water_one_cm":16675,"minecraft:total_world_time":110160,"minecraft:fall_one_cm":19404},"minecraft:dropped":{"minecraft:rotten_flesh":2},"minecraft:crafted":{"minecraft:oak_planks":60,"minecraft:diamond_sword":1,"minecraft:crafting_table":1,"minecraft:wooden_pickaxe":1,"minecraft:cooked_salmon":15,"minecraft:stone_axe":1,"minecraft:air":0,"minecraft:diamond_pickaxe":1,"minecraft:shield":1,"minecraft:stick":8,"minecraft:iron_ingot":1,"minecraft:stone_pickaxe":1,"minecraft:stone_sword":1,"minecraft:diamond_chestplate":1},"minecraft:picked_up":{"minecraft:crafting_table":2,"minecraft:salmon":19,"minecraft:tuff":8,"minecraft:oak_log":60,"minecraft:lapis_lazuli":16,"minecraft:string":2,"minecraft:bone":7,"minecraft:apple":2,"minecraft:wheat_seeds":1,"minecraft:cobbled_deepslate":82,"minecraft:raw_gold":24,"minecraft:beef":2,"minecraft:iron_pickaxe":2,"minecraft:oak_planks":13,"minecraft:iron_sword":1,"minecraft:raw_iron":57,"minecraft:stick":2,"minecraft:torch":1,"minecraft:dripstone_block":9,"minecraft:gravel":1,"minecraft:pointed_dripstone":2,"minecraft:redstone":46,"minecraft:arrow":9,"minecraft:rotten_flesh":7,"minecraft:diamond":14,"minecraft:granite":3,"minecraft:oak_sapling":4,"minecraft:cobblestone":16},"minecraft:killed":{"minecraft:salmon":21,"minecraft:spider":2,"minecraft:skeleton":10,"minecraft:zombie":10,"minecraft:cow":1}},"DataVersion":3953}