{"stats":{"minecraft:picked_up":{"minecraft:stick":4,"marbledsarsenal:police_baton":1,"minecraft:spruce_sapling":5,"minecraft:spruce_log":2,"pointblank:m1911a1":2,"minecraft:rotten_flesh":1,"minecraft:slime_ball":1,"minecraft:hay_block":6,"minecraft:bread":25,"pointblank:workstation":1,"minecraft:oak_planks":2},"minecraft:killed":{"minecraft:zombie":2,"hordes:zombie_player":1},"minecraft:mined":{"minecraft:hay_block":6,"minecraft:spruce_log":1,"minecraft:grass":1,"projectvibrantjourneys:twigs":1,"minecraft:tall_grass":1,"minecraft:oak_planks":2},"minecraft:crafted":{"minecraft:bread":18,"minecraft:wheat":54},"minecraft:used":{"minecraft:bread":3,"marbledsarsenal:police_baton":5,"minecraft:rotten_flesh":1},"minecraft:dropped":{"marbledsarsenal:police_baton":1,"pointblank:m1911a1":2,"minecraft:stick":1},"minecraft:custom":{"minecraft:time_since_rest":876,"minecraft:sprint_one_cm":17870,"minecraft:damage_taken":254,"minecraft:walk_one_cm":52684,"minecraft:mob_kills":3,"minecraft:drop":4,"minecraft:damage_dealt":79,"minecraft:swim_one_cm":1523,"minecraft:interact_with_crafting_table":1,"minecraft:talked_to_villager":1,"minecraft:fly_one_cm":19256,"minecraft:player_kills":1,"minecraft:open_chest":3,"minecraft:crouch_one_cm":2608,"minecraft:play_time":16152,"minecraft:sneak_time":549,"minecraft:walk_under_water_one_cm":188,"minecraft:jump":92,"minecraft:time_since_death":16152,"minecraft:walk_on_water_one_cm":1987,"minecraft:sleep_in_bed":1,"minecraft:total_world_time":16152,"minecraft:fall_one_cm":1523}},"DataVersion":3465}